setup,run_id,fitness_final,generations,time_sec
Experimento 1: Baseline clásico,1,0.9500029187649488,3599,316.0650563240051
Experimento 1: Baseline clásico,2,0.9500314306467772,1022,91.48042345046997
Experimento 1: Baseline clásico,3,0.9500438511371613,1984,187.6683795452118
Experimento 1: Baseline clásico,4,0.9501526173204183,2845,272.38326692581177
Experimento 1: Baseline clásico,5,0.950003819912672,2680,241.65023708343506
