setup,run_id,fitness_final,generations,time_sec
Experimento 1: Baseline clásico,1,0.9500210341066122,1650,143.0800142288208
Experimento 1: Baseline clásico,2,0.950126875191927,1129,97.90457487106323
Experimento 1: Baseline clásico,3,0.9500248912721873,1388,128.4090256690979
Experimento 1: Baseline clásico,4,0.9502990018576384,2035,184.34242749214172
Experimento 1: Baseline clásico,5,0.9485446903854609,4000,357.4057705402374
