setup,run_id,fitness_final,generations,time_sec
Experimento 1: Baseline clásico,1,0.9900001501664519,3653,503.8692059516907
Experimento 1: Baseline clásico,2,0.9900086177513003,3052,442.6997170448303
Experimento 1: Baseline clásico,3,0.9901500968262553,3607,487.19150280952454
Experimento 1: Baseline clásico,4,0.9900329476222396,2825,357.4502830505371
Experimento 1: Baseline clásico,5,0.9900233056396246,3189,399.90115904808044
