setup,run_id,fitness_final,generations,time_sec
Experimento 2: Exploración fuerte,1,0.9415719766169787,4000,377.4458017349243
Experimento 2: Exploración fuerte,2,0.9472685839980841,4000,365.47327613830566
Experimento 2: Exploración fuerte,3,0.95066445954144,2186,197.08633518218994
Experimento 2: Exploración fuerte,4,0.9451903518289327,4000,378.7508454322815
Experimento 2: Exploración fuerte,5,0.9269541345536709,4000,375.6367030143738
