setup,run_id,fitness_final,generations,time_sec
Experimento 2: Exploración fuerte,1,0.9514333665370941,1321,122.53406023979187
Experimento 2: Exploración fuerte,2,0.9504127997905016,3817,358.8949546813965
Experimento 2: Exploración fuerte,3,0.9500607155263424,3048,286.672070980072
Experimento 2: Exploración fuerte,4,0.9308363199234009,4000,380.0207715034485
Experimento 2: Exploración fuerte,5,0.9426388651132583,4000,374.7685260772705
