setup,run_id,fitness_final,generations,time_sec
Experimento 2: Exploración fuerte,1,0.9627122469246387,4000,519.3415122032166
Experimento 2: Exploración fuerte,2,0.9668435640633106,4000,443.64403223991394
Experimento 2: Exploración fuerte,3,0.9651439972221851,4000,224.86949014663696
Experimento 2: Exploración fuerte,4,0.9545357897877693,4000,227.94331669807434
Experimento 2: Exploración fuerte,5,0.964251946657896,4000,231.48820877075195
