setup,run_id,fitness_final,generations,time_sec
Experimento 3: Presión alta,1,0.950011632964015,366,31.367191791534424
Experimento 3: Presión alta,2,0.9500351514667272,567,51.662837982177734
Experimento 3: Presión alta,3,0.9500012543052435,400,35.95454263687134
Experimento 3: Presión alta,4,0.9500589303672313,421,38.27127718925476
Experimento 3: Presión alta,5,0.9504155594855547,277,25.096089124679565
