setup,run_id,fitness_final,generations,time_sec
Experimento 3: Presión alta,1,0.9500265501439571,236,20.201428174972534
Experimento 3: Presión alta,2,0.950032590702176,187,16.443880319595337
Experimento 3: Presión alta,3,0.9500047750771046,360,32.21471881866455
Experimento 3: Presión alta,4,0.9500760700553655,713,63.64266586303711
Experimento 3: Presión alta,5,0.9500481478869915,278,25.10921883583069
