setup,run_id,fitness_final,generations,time_sec
Experimento 3: Presión alta,1,0.990033719688654,802,45.15529251098633
Experimento 3: Presión alta,2,0.9901259765028954,573,32.52128863334656
Experimento 3: Presión alta,3,0.9901179671287537,836,46.230754137039185
Experimento 3: Presión alta,4,0.9900923278182745,690,38.5101432800293
Experimento 3: Presión alta,5,0.9900180324912071,826,45.836599826812744
