setup,run_id,fitness_final,generations,time_sec
Experimento 4: Balanceado,1,0.9900309843942523,413,23.10925817489624
Experimento 4: Balanceado,2,0.9900016579777002,477,27.57278871536255
Experimento 4: Balanceado,3,0.9900478245690465,490,27.236836671829224
Experimento 4: Balanceado,4,0.990215084515512,439,25.46585750579834
Experimento 4: Balanceado,5,0.9900368778035045,481,27.520265102386475
