setup,run_id,fitness_final,generations,time_sec
Experimento 4: Balanceado,1,0.9504480380564928,181,16.75202250480652
Experimento 4: Balanceado,2,0.9503845233470202,184,17.382903814315796
Experimento 4: Balanceado,3,0.9500377725809812,309,28.973934412002563
Experimento 4: Balanceado,4,0.9500962600111962,185,16.85429048538208
Experimento 4: Balanceado,5,0.9503979928791523,246,21.968634366989136
