setup,run_id,fitness_final,generations,time_sec
Experimento 4: Balanceado,1,0.9502591148018837,169,15.723539590835571
Experimento 4: Balanceado,2,0.950520072132349,234,21.161606788635254
Experimento 4: Balanceado,3,0.9500496402382851,148,14.158581018447876
Experimento 4: Balanceado,4,0.9500845067203045,315,29.015029907226562
Experimento 4: Balanceado,5,0.9501633998006582,197,18.59171962738037
